[{"id":"user-image-ca-creative-bpPTlXWTOvg-unsplash.jpg","publicUrl":"np://user.desktop.nicepage.com/Site_741824135/images/ca-creative-bpPTlXWTOvg-unsplash.jpg","size":1446556,"hash":"W7QnZ9TQlsIWc65k8HLiSaTJarQ=","fileName":"ca-creative-bpPTlXWTOvg-unsplash.jpg","name":"ca-creative-bpPTlXWTOvg-unsplash","width":5472,"height":3648,"thumbnail":{"url":"np://user.desktop.nicepage.com/Site_741824135/images/thumbnails/ca-creative-bpPTlXWTOvg-unsplash.jpg","width":250,"height":167},"usages":["3015929925"]},{"id":"user-image-food3.jpg","publicUrl":"np://user.desktop.nicepage.com/Site_741824135/images/food3.jpg","size":2241817,"hash":"gGYvjtkfhuRZyGftynp8ISqbibg=","fileName":"food3.jpg","name":"food3","width":4592,"height":3064,"thumbnail":{"url":"np://user.desktop.nicepage.com/Site_741824135/images/thumbnails/food3.jpg","width":250,"height":167},"usages":["3015929925"]},{"id":"user-image-ting-tian-_79ZJS8pV70-unsplash.jpg","publicUrl":"np://user.desktop.nicepage.com/Site_741824135/images/ting-tian-_79ZJS8pV70-unsplash.jpg","size":3983591,"hash":"R9RW/n1Cn6pTyZeLSyOZGBiBvUI=","fileName":"ting-tian-_79ZJS8pV70-unsplash.jpg","name":"ting-tian-_79ZJS8pV70-unsplash","width":5444,"height":3630,"thumbnail":{"url":"np://user.desktop.nicepage.com/Site_741824135/images/thumbnails/ting-tian-_79ZJS8pV70-unsplash.jpg","width":250,"height":167},"usages":["3015929925"]},{"id":"user-image-food4.jpg","publicUrl":"np://user.desktop.nicepage.com/Site_741824135/images/food4.jpg","size":1828741,"hash":"LXLlXhZrQ75MRoKSEdkifxSxEic=","fileName":"food4.jpg","name":"food4","width":5184,"height":3456,"thumbnail":{"url":"np://user.desktop.nicepage.com/Site_741824135/images/thumbnails/food4.jpg","width":250,"height":167},"usages":["3015929925"]},{"id":"user-image-inclusive.jpg","publicUrl":"np://user.desktop.nicepage.com/Site_741824135/images/inclusive.jpg","size":2021994,"hash":"NDxMk3Kbd2CqkGmYpRyBUmOy3+Q=","fileName":"inclusive.jpg","name":"inclusive","width":3784,"height":2838,"thumbnail":{"url":"np://user.desktop.nicepage.com/Site_741824135/images/thumbnails/inclusive.jpg","width":250,"height":188},"usages":["3015929925"]}]